name,Prec,Rec,F1
Avg,0.8020016680567139,0.9606393606393606,0.8741818181818182
Russell Bowler,0.8020016680567139,0.9606393606393606,0.8741818181818182
