name,Prec,Rec,F1
Avg,0.6611077481840194,0.9721483058364377,0.7402401047073159
Daniel Fowler,0.32221549636803876,0.9442966116728756,0.48048020941463193
David Engman,1.0,1.0,1.0
