name,Prec,Rec,F1
Avg,0.051403016255128026,0.9300506296722779,0.09742163133942297
John Smith,0.051403016255128026,0.9300506296722779,0.09742163133942297
