name,Prec,Rec,F1
Avg,0.9069767441860465,0.9271708683473389,0.9166666666666666
Ajay Gupta,0.7209302325581395,0.7815126050420168,0.7500000000000001
Alok Gupta,1.0,1.0,1.0
Barry Wilkinson,1.0,1.0,1.0
