name,Prec,Rec,F1
Avg,0.7935828877005348,0.9759245470340034,0.8466399451124834
Daniel Fowler,0.38074866310160427,0.9277736411020104,0.5399198353374499
David Engman,1.0,1.0,1.0
Naomi Fukagawa,1.0,1.0,1.0
