name,Prec,Rec,F1
Avg,0.32421875,0.6761710794297352,0.43828382838283825
John Smith,0.32421875,0.6761710794297352,0.43828382838283825
