name,Prec,Rec,F1
Avg,0.8916639822789426,0.8170094087063151,0.848844016315311
Ajay Gupta,0.7209302325581395,0.7815126050420168,0.7500000000000001
Alok Gupta,1.0,1.0,1.0
Barry Wilkinson,1.0,1.0,1.0
Bin Li,0.9435897435897436,0.6748166259168704,0.7868852459016393
Bin Yu,0.7654639175257731,0.6387096774193548,0.6963657678780774
Bin Zhu,0.92,0.8070175438596491,0.8598130841121495
